volume_id,original_shape,original_spacing,resampled_shape,crop_box_start,crop_box_end,final_inplane_shape,slice_count,role,cache_seconds
spleen_10,"[512, 512, 55]","[np.float32(0.976562), np.float32(0.976562), np.float32(5.0)]","[334, 334, 136]","[5, 9, 0]","[334, 291, 136]","[256, 256]",136,pool,3.48
spleen_12,"[512, 512, 168]","[np.float32(0.753906), np.float32(0.753906), np.float32(1.5)]","[258, 258, 126]","[21, 2, 0]","[248, 217, 126]","[256, 256]",126,pool,4.17
spleen_13,"[512, 512, 77]","[np.float32(0.742188), np.float32(0.742188), np.float32(2.5)]","[254, 254, 96]","[12, 0, 0]","[245, 238, 96]","[256, 256]",96,pool,2.18
spleen_14,"[512, 512, 54]","[np.float32(0.851562), np.float32(0.851562), np.float32(5.0)]","[291, 291, 134]","[10, 5, 0]","[287, 259, 134]","[256, 256]",134,pool,2.73
spleen_18,"[512, 512, 164]","[np.float32(0.966797), np.float32(0.966797), np.float32(1.5)]","[330, 330, 123]","[0, 22, 0]","[328, 282, 123]","[256, 256]",123,pool,4.49
spleen_19,"[512, 512, 51]","[np.float32(0.796875), np.float32(0.796875), np.float32(5.0)]","[272, 272, 126]","[2, 21, 0]","[269, 272, 126]","[256, 256]",126,pool,2.31
spleen_2,"[512, 512, 90]","[np.float32(0.794922), np.float32(0.794922), np.float32(5.0)]","[272, 272, 224]","[0, 1, 0]","[272, 257, 224]","[256, 256]",224,pool,4.21
spleen_20,"[512, 512, 168]","[np.float32(0.933594), np.float32(0.933594), np.float32(1.5)]","[319, 319, 126]","[24, 23, 0]","[298, 233, 126]","[256, 256]",126,pool,4.76
spleen_21,"[512, 512, 89]","[np.float32(0.726562), np.float32(0.726562), np.float32(2.5)]","[249, 249, 111]","[0, 0, 0]","[243, 190, 111]","[256, 256]",111,pool,2.38
spleen_22,"[512, 512, 148]","[np.float32(0.96875), np.float32(0.96875), np.float32(1.5)]","[331, 331, 111]","[21, 36, 0]","[297, 267, 111]","[256, 256]",111,pool,3.82
spleen_24,"[512, 512, 94]","[np.float32(0.734375), np.float32(0.734375), np.float32(5.0)]","[251, 251, 234]","[0, 21, 0]","[251, 244, 234]","[256, 256]",234,pool,4.27
spleen_26,"[512, 512, 65]","[np.float32(0.683594), np.float32(0.683594), np.float32(5.0)]","[234, 234, 161]","[0, 15, 0]","[234, 213, 161]","[256, 256]",161,pool,2.71
spleen_27,"[512, 512, 119]","[np.float32(0.769531), np.float32(0.769531), np.float32(4.0)]","[263, 263, 237]","[0, 0, 0]","[263, 222, 237]","[256, 256]",237,pool,4.84
spleen_28,"[512, 512, 44]","[np.float32(0.9375), np.float32(0.9375), np.float32(5.0)]","[320, 320, 108]","[12, 41, 0]","[298, 273, 108]","[256, 256]",108,pool,2.52
spleen_29,"[512, 512, 103]","[np.float32(0.859375), np.float32(0.859375), np.float32(5.0)]","[294, 294, 256]","[9, 10, 0]","[292, 246, 256]","[256, 256]",256,pool,5.53
spleen_3,"[512, 512, 40]","[np.float32(0.738281), np.float32(0.738281), np.float32(5.0)]","[253, 253, 98]","[7, 1, 0]","[246, 208, 98]","[256, 256]",98,pool,1.58
spleen_31,"[512, 512, 56]","[np.float32(0.740234), np.float32(0.740234), np.float32(5.0)]","[253, 253, 138]","[0, 32, 0]","[253, 241, 138]","[256, 256]",138,pool,2.42
spleen_32,"[512, 512, 104]","[np.float32(0.902344), np.float32(0.902344), np.float32(5.0)]","[308, 308, 258]","[11, 18, 0]","[301, 249, 258]","[256, 256]",258,pool,5.93
spleen_33,"[512, 512, 83]","[np.float32(0.923828), np.float32(0.923828), np.float32(5.0)]","[316, 316, 206]","[22, 13, 0]","[303, 285, 206]","[256, 256]",206,pool,4.88
spleen_38,"[512, 512, 100]","[np.float32(0.888672), np.float32(0.888672), np.float32(5.0)]","[304, 304, 248]","[11, 25, 0]","[290, 239, 248]","[256, 256]",248,pool,5.59
spleen_45,"[512, 512, 112]","[np.float32(0.960938), np.float32(0.960938), np.float32(4.0)]","[328, 328, 223]","[0, 11, 0]","[328, 248, 223]","[256, 256]",223,pool,5.71
spleen_46,"[512, 512, 99]","[np.float32(0.632812), np.float32(0.632812), np.float32(5.0)]","[217, 217, 246]","[0, 25, 0]","[217, 188, 246]","[256, 256]",246,pool,3.84
spleen_47,"[512, 512, 88]","[np.float32(0.785156), np.float32(0.785156), np.float32(5.0)]","[268, 268, 218]","[0, 0, 0]","[268, 206, 218]","[256, 256]",218,pool,4.3
spleen_49,"[512, 512, 61]","[np.float32(0.853516), np.float32(0.853516), np.float32(4.0)]","[292, 292, 121]","[0, 0, 0]","[283, 252, 121]","[256, 256]",121,pool,2.8
spleen_52,"[512, 512, 112]","[np.float32(0.804688), np.float32(0.804688), np.float32(4.0)]","[275, 275, 223]","[3, 0, 0]","[275, 264, 223]","[256, 256]",223,pool,4.94
spleen_53,"[512, 512, 156]","[np.float32(0.835938), np.float32(0.835938), np.float32(3.0)]","[286, 286, 234]","[2, 5, 0]","[286, 260, 234]","[256, 256]",234,pool,6.05
spleen_56,"[512, 512, 33]","[np.float32(0.699219), np.float32(0.699219), np.float32(6.99997)]","[239, 239, 113]","[3, 22, 0]","[229, 179, 113]","[256, 256]",113,pool,1.7
spleen_59,"[512, 512, 50]","[np.float32(0.951172), np.float32(0.951172), np.float32(5.0)]","[325, 325, 124]","[14, 15, 0]","[319, 282, 124]","[256, 256]",124,pool,2.84
spleen_60,"[512, 512, 97]","[np.float32(0.792969), np.float32(0.792969), np.float32(5.0)]","[271, 271, 241]","[0, 0, 0]","[271, 244, 241]","[256, 256]",241,pool,4.62
spleen_61,"[512, 512, 101]","[np.float32(0.773438), np.float32(0.773438), np.float32(5.0)]","[264, 264, 251]","[7, 0, 0]","[264, 236, 251]","[256, 256]",251,pool,4.82
spleen_63,"[512, 512, 60]","[np.float32(0.751953), np.float32(0.751953), np.float32(5.0)]","[257, 257, 148]","[0, 20, 0]","[257, 225, 148]","[256, 256]",148,pool,2.74
spleen_8,"[512, 512, 31]","[np.float32(0.785156), np.float32(0.785156), np.float32(7.5)]","[268, 268, 114]","[0, 24, 0]","[268, 241, 114]","[256, 256]",114,pool,1.88
spleen_16,"[512, 512, 61]","[np.float32(0.792969), np.float32(0.792969), np.float32(8.0)]","[271, 271, 241]","[0, 19, 0]","[271, 253, 241]","[256, 256]",241,validation,4.14
spleen_17,"[512, 512, 95]","[np.float32(0.613281), np.float32(0.613281), np.float32(2.5)]","[210, 210, 118]","[3, 23, 0]","[209, 167, 118]","[256, 256]",118,validation,2.19
spleen_25,"[512, 512, 87]","[np.float32(0.71875), np.float32(0.71875), np.float32(2.5)]","[246, 246, 108]","[4, 22, 0]","[242, 204, 108]","[256, 256]",108,validation,2.32
spleen_40,"[512, 512, 93]","[np.float32(0.75), np.float32(0.75), np.float32(5.0)]","[256, 256, 231]","[0, 0, 0]","[256, 202, 231]","[256, 256]",231,validation,3.99
spleen_41,"[512, 512, 94]","[np.float32(0.90625), np.float32(0.90625), np.float32(5.0)]","[310, 310, 234]","[13, 31, 0]","[304, 293, 234]","[256, 256]",234,validation,5.5
spleen_44,"[512, 512, 92]","[np.float32(0.871094), np.float32(0.871094), np.float32(5.0)]","[298, 298, 228]","[16, 25, 0]","[281, 255, 228]","[256, 256]",228,validation,4.93
spleen_6,"[512, 512, 135]","[np.float32(0.919922), np.float32(0.919922), np.float32(1.60001)]","[314, 314, 108]","[16, 9, 0]","[305, 271, 108]","[256, 256]",108,validation,3.99
spleen_62,"[512, 512, 80]","[np.float32(0.675781), np.float32(0.675781), np.float32(5.0)]","[231, 231, 198]","[0, 13, 0]","[230, 178, 198]","[256, 256]",198,validation,3.18
spleen_9,"[512, 512, 41]","[np.float32(0.744141), np.float32(0.744141), np.float32(5.0)]","[255, 255, 101]","[13, 17, 0]","[246, 226, 101]","[256, 256]",101,validation,1.67
