volume_id,sav,surface_area_mm2,volume_mm3,foreground_voxels,spacing
spleen_10,0.12453531110424705,31515.154,253061.99516773224,53071,"(np.float32(0.976562), np.float32(0.976562), np.float32(5.0))"
spleen_12,0.09289005807787405,42581.684,458409.4840165973,537685,"(np.float32(0.753906), np.float32(0.753906), np.float32(1.5))"
spleen_13,0.11643456993881282,32694.402,280796.3507825136,203903,"(np.float32(0.742188), np.float32(0.742188), np.float32(2.5))"
spleen_14,0.10432160796919629,46964.426,450188.8601555824,124163,"(np.float32(0.851562), np.float32(0.851562), np.float32(5.0))"
spleen_18,0.12104907927564067,26766.623,221122.07054400444,157714,"(np.float32(0.966797), np.float32(0.966797), np.float32(1.5))"
spleen_19,0.1122704458776748,34524.266,307509.8291015625,96852,"(np.float32(0.796875), np.float32(0.796875), np.float32(5.0))"
spleen_2,0.11355998804522421,34685.27,305435.6567687988,96672,"(np.float32(0.794922), np.float32(0.794922), np.float32(5.0))"
spleen_20,0.10159116331793185,29414.967,289542.572761178,221465,"(np.float32(0.933594), np.float32(0.933594), np.float32(1.5))"
spleen_21,0.14359975816929268,19140.438,133290.1792037487,100998,"(np.float32(0.726562), np.float32(0.726562), np.float32(2.5))"
spleen_22,0.10092441710336082,27697.803,274441.04736328125,194955,"(np.float32(0.96875), np.float32(0.96875), np.float32(1.5))"
spleen_24,0.1984554189593087,11078.502,55823.63037109375,20702,"(np.float32(0.734375), np.float32(0.734375), np.float32(5.0))"
spleen_26,0.09901288388943469,20436.695,206404.40425229073,88339,"(np.float32(0.683594), np.float32(0.683594), np.float32(5.0))"
spleen_27,0.1400944615407989,21311.648,152123.41874980927,64222,"(np.float32(0.769531), np.float32(0.769531), np.float32(4.0))"
spleen_28,0.13657418374680458,21991.178,161020.01953125,36641,"(np.float32(0.9375), np.float32(0.9375), np.float32(5.0))"
spleen_29,0.12554877958977903,22997.58,183176.45263671875,49606,"(np.float32(0.859375), np.float32(0.859375), np.float32(5.0))"
spleen_3,0.14023892769271315,22177.092,158137.91621017456,58026,"(np.float32(0.738281), np.float32(0.738281), np.float32(5.0))"
spleen_31,0.10527995283218594,37618.484,357318.59070038795,130421,"(np.float32(0.740234), np.float32(0.740234), np.float32(5.0))"
spleen_32,0.11988152493595193,40378.53,336820.3004722595,82734,"(np.float32(0.902344), np.float32(0.902344), np.float32(5.0))"
spleen_33,0.10019320735936696,41153.742,410743.83455848694,96254,"(np.float32(0.923828), np.float32(0.923828), np.float32(5.0))"
spleen_38,0.1537288011032168,16467.438,107120.05415916443,27128,"(np.float32(0.888672), np.float32(0.888672), np.float32(5.0))"
spleen_45,0.12853574687173677,26437.041,205678.51091265678,55685,"(np.float32(0.960938), np.float32(0.960938), np.float32(4.0))"
spleen_46,0.12320697438388911,22287.867,180897.7722158432,90347,"(np.float32(0.632812), np.float32(0.632812), np.float32(5.0))"
spleen_47,0.09791870235363465,41707.86,425943.7510147095,138188,"(np.float32(0.785156), np.float32(0.785156), np.float32(5.0))"
spleen_49,0.11632413717212484,35386.79,304208.4809117317,104397,"(np.float32(0.853516), np.float32(0.853516), np.float32(4.0))"
spleen_52,0.12423600474091065,22847.205,183901.64047670364,71002,"(np.float32(0.804688), np.float32(0.804688), np.float32(4.0))"
spleen_53,0.161998857478461,19646.816,121277.4998049736,57851,"(np.float32(0.835938), np.float32(0.835938), np.float32(3.0))"
spleen_56,0.1827426266625539,14266.775,78070.32027053833,22812,"(np.float32(0.699219), np.float32(0.699219), np.float32(6.99997))"
spleen_59,0.10276128840527712,43842.812,426647.16626644135,94315,"(np.float32(0.951172), np.float32(0.951172), np.float32(5.0))"
spleen_60,0.12518485631234944,37535.434,299840.0501422882,95369,"(np.float32(0.792969), np.float32(0.792969), np.float32(5.0))"
spleen_61,0.14412068346788223,23534.67,163298.3507680893,54596,"(np.float32(0.773438), np.float32(0.773438), np.float32(5.0))"
spleen_63,0.10734371841022004,38279.27,356604.6537065506,126135,"(np.float32(0.751953), np.float32(0.751953), np.float32(5.0))"
spleen_8,0.10076541616771714,50538.5,501546.0851755142,108477,"(np.float32(0.785156), np.float32(0.785156), np.float32(7.5))"
